Var1,V
Actr2,1
Cttn,1
Arpc5,1
Actr3,1
Arpc4,1
Vcam1,2
Gja1,1
Cct3,3
Cct2,3
Flot1,4
Snca,4
Sh3gl1,1
Sh3glb1,5
Calr,5
Stxbp1,1
Arpc2,1
Tnik,1
Ppp1cb,1
Grb2,1
Capza2,1
Actb,1
Ywhab,1
Ywhae,5
Ywhaz,1
Myo6,1
Wasf1,1
Egfr,3
Xpo1,3
Psmc3,6
Dbn1,1
Cct5,3
Tcp1,3
Capza1,1
Gsn,1
Tpm1,1
Clta,1
Cct7,3
Cct4,3
Coro1a,1
Psmd7,6
Myh10,1
Prkaa1,2
Cfl1,5
Ube2n,5
Cul3,2
Arpc3,1
Arpc1a,1
Gspt1,2
Ogt,3
Rtn1,1
Grpel1,3
Coro1b,1
Myh9,1
Hsd17b10,5
Cct8,3
Cct6a,3
Calu,3
Ruvbl1,3
Tpd52l2,5
Hspbp1,3
Fam98b,2
Ttll12,3
Ppp1r12a,1
Ppme1,5
Cltb,1
Basp1,1
Efhd2,5
Actr3b,3
Arpc5l,1
Coro1c,1
Nif3l1,5
Myo18a,1
Specc1,1
Cep170,1
Prkacb,1
Pank4,1
Actc1,1
2510003E04Rik,1
Alad,5
Synpo,1
Rdx,5
Hip1r,1
Ctnna1,1
Dnm1,1
Dnm2,1
Pak1,1
Flot2,4
Mbp,1
Src,1
Abl2,1
Bcar1,1
Ctnnd1,1
Rps27a,2
Thy1,4
Grin2b,1
Grin1,1
Cdc37,3
Npm1,2
Ptk2,1
Tjp1,1
Asap1,1
Atp6v1c1,4
Atg7,7
Pak2,1
Ctnnd2,1
Hdac6,3
Srcin1,1
Wasl,1
Abi1,1
Cops7a,2
Uso1,1
Arrb1,1
Mycbp2,1
Snx1,7
Kcna2,1
Yes1,1
Hax1,4
Kcnma1,5
Vta1,4
Nck1,1
Mapk1,1
Shank2,1
Ide,4
Cttnbp2,3
Gars,3
Oxct1,5
Rpl9,2
Suclg2,4
Pdha1,4
Syncrip,2
Sars,3
Snx2,7
Shmt2,7
Pgls,5
Apeh,7
Pdk2,5
Me1,5
Exoc8,7
Wash,7
Prkaca,1
Capzb,1
Eif3h,2
Zwint,4
Tuba4a,3
Vps13a,4
Abce1,6
Vps13c,4
Lasp1,1
Mapk3,3
Wasf3,1
Atp1a1,4
Vcl,1
Ube3a,6
Atp1b1,4
Cat,5
Uggt1,3
Tnpo3,3
Ppp2ca,3
Cyfip1,1
Dlg4,1
Pfn2,1
Eif3k,2
Pdia6,5
Vbp1,3
Acvr1b,3
Pak3,1
Camkk1,1
Wdr1,5
Hsp90aa1,3
Hsp90ab1,3
Nedd4l,1
Bag6,3
Smad2,1
Tsnax,5
Os9,3
Fkbp1a,5
Vps16,7
Tmem30a,4
Bmpr2,3
Tsc22d1,4
Nck2,1
Fxr1,1
Git1,1
Hcn1,1
Rac1,1
Arhgef7,1
Syn1,1
Rras,1
Itsn1,1
Ywhah,5
App,5
Calm1,1
Ywhaq,1
Ywhag,1
Dlg1,1
Spag9,1
Camk4,1
Anxa7,5
Nos1,1
Camk1,1
Ddb1,2
Rps10,2
Brinp1,3
Ruvbl2,3
Camk1d,5
Ctbp1,5
Canx,4
Csnk2b,3
Msn,5
Ezr,1
Mapre1,1
Rab4a,4
Eif5a,5
Ldha,5
Rab33b,5
Prdx6,5
Nme2,5
Rab1,4
Thop1,5
Ldhb,5
Nme1,5
Got1,5
Hspe1,5
Adss,5
Tkt,5
Eno2,5
Taldo1,5
Dstn,5
Txn1,5
Cfl2,5
Gmppb,5
Usp7,6
Txndc17,5
Gpi1,5
Rab5c,4
Rab35,4
Ube2k,5
Itpa,5
Ggct,5
Uap1,4
Nagk,5
Rab4b,4
Rab27b,4
Rab21,5
Tsc1,1
Vcp,3
Bcap31,4
Ufd1l,5
Psmb5,6
Ppp1ca,1
Gna13,3
Gdi2,4
Pls3,5
Mapk10,1
Arhgdia,5
Hsph1,3
L1cam,1
P4hb,5
Hspa4,3
Gabra5,1
Rcn1,5
Eef2,2
Clic1,5
Uchl3,5
Akr1b3,5
Stip1,5
Fabp5,5
Acaa2,5
Cpne1,1
Mrpl12,4
Slc9a3r2,1
Slc9a3r1,5
Pgd,5
Ppa1,5
Txnrd2,5
Trappc10,8
Cpne2,1
Vps11,7
Cpne4,2
Hspa8,3
Snd1,2
Kpnb1,3
Tubb5,3
Pfn1,1
Pabpc1,2
Prmt5,2
Emd,4
Scrib,1
Eps15,1
Ap2s1,1
Apoe,3
Arf1,4
Pdcd6ip,5
Rps11,2
Eif2s1,2
Etf1,2
Rps16,2
Rps17,2
Rps13,2
Rps7,2
Rps25,2
Rps9,2
Rps5,2
Rps26,2
Rps28,2
Rpsa,2
Psmc5,6
Diap1,1
Rpl8,2
Phb2,4
Hspa5,3
Pafah1b3,5
Chmp2a,4
Mdh2,5
Psmb6,6
Psma7,6
Psma6,6
Psma3,6
Psma4,6
Psma5,6
Psma1,6
Crkl,1
Pin1,5
Acp1,5
Psmd2,6
Ap2m1,1
Ppp2r1a,3
Ran,3
Rpl10,2
Cacybp,5
Pdcd6,5
Psmb1,6
Hspa1a,3
Gapdh,5
Psmd3,6
Psmd11,6
Arf5,4
Cltc,1
Ptpn11,1
Rps3,2
Vim,1
Dync1h1,1
Nudc,3
Hspd1,4
Hnrnpa2b1,2
Gnb2l1,2
Gnb1,3
Psmc6,6
Psmd12,6
Sec31a,5
Sri,5
Tln1,1
Atp5b,4
Eif3a,2
Eif3e,2
Aco2,5
Hnrnpd,2
Vapa,4
Hspa9,3
Gcn1l1,3
Epn1,1
Eif3d,2
Eif3i,2
Eif3c,2
Eif3b,2
Atp5a1,4
Psmd13,6
Smap2,4
Sept7,7
Csnk1a1,3
Eif4e,2
Wdfy3,4
Aldoa,5
Eif4g1,2
Itgb1,1
Stmn1,3
Psmb2,6
Trappc3,8
Vdac1,4
Copa,4
Arcn1,4
Vps35,7
Anxa2,1
Mllt4,1
Map4,1
Pi4ka,1
Hnrnpk,2
Ppia,5
Zyx,5
Eef1a1,2
Eef1g,2
Eif4a1,2
Fasn,3
Ap2a1,1
Actn4,1
Rap1b,4
Glrx3,5
Strap,5
Agfg1,5
Gstp1,5
Cycs,4
Ybx1,2
Rpl5,2
Tfam,4
Tpr,2
Eef1b2,2
Ctsd,4
Eps15l1,1
Prdx1,5
Lrpprc,4
Slirp,4
Rpl13a,2
Napa,7
Tfrc,4
Snap29,7
Plec,1
Sptbn1,1
Rps6,2
Gnai3,3
Rpn1,4
Ube2m,2
Pcbp2,2
Rpl6,2
Ddx1,2
Pcbp1,5
Snx3,5
Dhx30,2
Myl6,1
Mrps23,2
Lonp1,4
Cad,3
Psmd9,6
Pdcd10,3
Phb,4
Asns,5
Lypla1,5
Trap1,5
Coasy,5
Paics,5
Lars,2
Phgdh,5
Iars,2
Aars,5
Eprs,2
Ndufs3,4
Sdha,4
Sept11,7
Tufm,2
Rpl22,2
Rpl7,2
Rpl27a,2
Rps21,2
Rpl11,2
Rps14,2
Rpl7a,2
Rpl26,2
Rpl3,2
Rps2,2
Rpl4,2
Rpl18,2
Rps18,2
Rpl18a,2
Rpl23,2
Rpl15,2
Rpl31,2
Rps19,2
Rps8,2
Rpl13,2
Rps20,2
Rps24,2
Rpl12,2
Rplp0,2
Rpl30,2
Rpl14,2
Rpl35,2
Rps23,2
Rpl38,2
Rpl21,2
Rpl10a,2
Rpl24,2
Rpl19,2
Rpl17,2
Rps15a,2
Slc25a5,2
Atp5c1,4
Ak2,5
Sdhb,4
Acat1,4
Pfkl,5
Pkm,5
Prdx2,5
Picalm,1
Ddost,4
Vdac2,4
Atp5o,4
Ndufa2,4
Ndufs1,4
Mif,5
Aldh18a1,4
Fscn1,5
Hnrnph1,2
Hnrnpu,2
Eif3l,2
Gart,5
Esd,5
Ranbp1,5
Tars,3
Chmp4b,4
Ist1,4
Cse1l,5
Decr1,2
Pycr2,4
Ddx3x,2
Mthfd1,5
Sec61b,4
Ubr4,6
Gstk1,4
Ddx5,2
Upf1,2
Atxn2l,2
Naca,5
Gmps,5
Hnrnpa0,2
Vars,2
Ipo7,3
Atad3a,4
Eif4h,2
Ppt1,4
Rars,2
Dars,2
Mars,2
Ganab,3
Lypla2,5
Pfdn2,3
Akr7a5,5
Eef1d,2
Ipo5,3
Chchd3,4
Immt,4
Pfkp,5
Tnpo1,3
Tubb4b,3
Hadha,4
Ppid,3
Farsb,3
Eif4g2,2
Bcs1l,4
Prdx3,2
Ptpn23,4
Yars,2
Rab10,4
Sar1b,5
Srm,5
Tomm34,3
Hip1,1
Rap2b,1
Ddah2,5
Sema4d,1
Tubb6,3
Larp1,2
Caprin1,2
Prmt1,2
Cnbp,2
Pgam5,4
Ddx6,2
Prrc2c,2
Slc2a1,5
Lrrc59,4
Fkbp4,3
Myl4,5
Blvrb,5
Rpl28,2
Macrod1,5
Podxl2,4
Hras,1
Epha4,3
Fmr1,1
Shc3,1
Gsk3b,1
Ctnnb1,1
Arhgap32,1
Usp9x,3
Ptprs,1
Cul4a,2
Ppp2cb,3
Ppp3ca,1
Rin1,1
Tsc2,1
Arhgef2,1
Nefl,1
Camk2b,1
Camk2d,1
Camk2a,1
Kras,3
Appl2,1
Shank3,1
Sec23a,3
Dnaja4,3
Kif5c,1
Rab11fip5,1
Eif3f,2
Rptor,3
Rheb,1
Nckap1,1
Dnaja1,3
Trim3,1
Cdk5,1
Pura,2
Tmed10,4
Clasp1,1
Lgi1,1
Becn1,7
Prkcg,1
Dap3,2
Sestd1,1
Rab7,4
Prkcb,1
Tmed9,4
Tnr,1
Syngap1,1
Rab14,4
Lamtor1,4
Fth1,5
Pam,1
Mrps9,2
Dnaja2,3
Pak7,4
Ndufb10,4
Pygb,5
Fxr2,1
Ampd2,1
Appl1,1
Fam49b,5
Eif4a2,2
Rragc,4
Camk2g,1
Rasal1,1
Cyfip2,1
Mink1,1
Ncan,1
Cnrip1,1
Wnk2,1
Ppm1h,1
Soga3,1
Fbxo41,1
Celsr2,1
Tenm2,4
Rab5b,4
Park7,5
Rab8a,4
Vps4b,4
Gdi1,4
Rab5a,4
Rabep1,1
Uqcrc2,4
Eea1,7
Kcnab2,1
Ciapin1,5
Rab11b,4
Chm,4
Ocrl,1
Rab1b,4
Etfa,4
Ndufs8,4
Yipf5,4
Rab2a,4
Rap1a,1
Reep5,4
Stxbp5l,4
Uhrf1bp1l,4
Osbpl1a,4
Fau,2
Eif2s3x,2
Stub1,3
Vamp2,7
Usp19,3
Syp,4
Rab3a,4
Sept2,7
Dnm1l,5
Tuba1a,3
Hsp90b1,3
Map1b,1
Actn1,1
Dpysl2,3
Uqcrh,5
Sod1,5
Serbp1,2
Copb2,4
Myl12b,1
Cnksr2,1
Prdx5,5
Babam1,6
Dld,5
Ndufa4,4
Hint1,5
Mdh1,5
Tpi1,5
Suclg1,4
Rpl27,2
Pdhb,5
Atp6v1a,4
Atp5j,4
Acly,5
Pdap1,3
Tpm3,1
Pptc7,5
Nit2,5
Tmod2,1
ND1,4
Oat,5
Tcea1,5
Rpl23a,2
Rpl32,5
Htt,4
Ap1b1,1
Dynll1,3
Tsg101,4
Sh3kbp1,1
Gak,1
Cd81,2
Ralbp1,1
Reps1,1
Ndrg1,2
2700060E02Rik,2
Wars,5
Comtd1,2
Vps28,4
Ppm1a,1
Scn2b,7
8430419L09Rik,7
Mfsd4,4
Araf,3
Rgs12,3
Dync1i2,1
Braf,3
Pik3r1,1
Map2k2,3
Map2k1,1
Aifm1,4
Cops3,2
Wnk1,1
Rab3ip,8
Ass1,5
Tecr,4
Timm50,4
Ccdc22,2
Timm44,4
Faf2,4
Usmg5,4
Slc25a22,3
Ubxn6,3
Rcn2,3
Nras,3
Ppp6c,3
Rras2,1
Dpm1,3
Cacna1b,1
Grm2,1
Plcb1,2
Gnai1,3
Dlgap3,1
Bcr,1
Grm5,1
Gnai2,3
Ndel1,1
Dctn1,1
Kpna6,3
Crocc,1
Dynlrb1,1
Dync1li2,2
Dync1li1,1
Dynll2,3
Rhob,1
Prkcsh,3
Ksr1,3
Crk,1
Prkca,1
Prkce,1
Traf3,1
Ctsl,1
Copb1,4
Cyld,2
Mras,6
Rab3gap1,4
Psme1,6
Ccdc88a,3
Rap1gap,1
Armcx3,3
Sh3gl3,1
Stk11,3
Rapgef2,1
Mapk8,3
Rasgrf1,1
Ppp1r13b,1
Atg3,5
Rabgef1,1
Fyn,1
Rapgef4,1
Rgs14,3
S1pr1,3
Dgkz,1
Ntrk3,1
Rala,7
Fnta,1
Nf1,1
Vdac3,4
Ttc1,3
Mgst3,4
Dab2ip,1
Ptprj,1
Snx27,5
Fam213b,3
Cyp51,1
Hdhd2,1
Ckb,5
Klc1,1
Abcb7,4
Cul1,2
Map1lc3a,2
Erp44,5
Pgam2,5
Gabarapl2,2
Aldoc,5
Dlst,4
Nans,5
Tbcb,5
Huwe1,6
G6pdx,5
Cndp2,5
Ubfd1,5
Npepps,5
Mapk8ip3,1
Skp1a,6
Mapt,3
Kif5b,6
Kif5a,1
Copz1,4
Sort1,4
Clstn1,4
Klc2,1
Kif2a,1
Rab11fip2,1
Exoc3,7
Csnk1d,1
Atcay,5
Bsdc1,4
Avl9,3
Fam63b,4
Ppp5c,3
Set,3
Trim9,1
Dnajb11,3
Snap25,7
Hyou1,3
Pafah1b1,1
Dnajb1,3
Psmd14,6
Psma2,6
Dnajb6,3
Hgs,1
Dnajc5,7
Bag5,3
Lamp2,4
Uchl1,3
Enah,1
Kcnd2,5
Cops6,2
Cops5,2
Cand1,2
Ap3d1,7
Tubg1,3
Prnp,3
Slc12a2,3
Srp54a,2
Pdlim5,1
Psmd6,6
C1qbp,4
Dpysl5,3
Gfap,1
Dnaja3,3
Tomm40,4
Eif4g3,2
Lman1,4
Rad23b,6
Atxn2,1
Tomm20,4
Rps6ka3,3
Cul5,2
Akap5,1
Pacsin1,1
Ubqln2,6
Asna1,6
Kcnd3,3
Cnn3,5
Gabrb1,1
Atxn10,3
Dbi,5
Pacsin2,1
Hspa4l,3
Gnas,3
Ahsa1,2
Actr1a,1
Mlf2,3
Tomm22,4
Dcun1d1,2
Samm50,4
Tomm70a,4
St13,3
Cul2,2
Dnajb4,3
Apoa1bp,5
Nlrx1,2
Sgta,6
Pdia3,5
Fdps,5
Dnajb14,3
Dnajb12,3
Hspa2,3
Dnajc3,3
Aldh3a2,4
Cul4b,2
Ckap5,1
Got2,5
Usp46,3
Nfs1,4
Hdlbp,7
Armc1,3
Ppp6r1,3
Pdpk1,1
Ndrg2,3
Dnajc11,4
Bpnt1,4
Cdk5rap3,4
Ppp6r3,3
Csde1,2
Alb,5
Drg2,3
Sugt1,3
Wdr37,3
A830010M20Rik,4
Hace1,1
Dnajb2,3
Endog,3
Dpp3,5
Lpgat1,4
4833439L19Rik,4
Agpat3,6
Fam73b,3
Dip2a,3
Prodh,3
Efnb2,1
Efnb1,1
Ephb2,1
Dnm3,1
Ephb3,1
Pick1,1
Homer1,1
Grm1,1
Grip1,1
Ephb1,1
Ephb6,1
Fam120a,2
Sipa1l1,1
Atp2b2,4
Mtmr1,1
Sbf1,1
Dip2b,1
Fam171a2,1
Epha5,5
Map7d2,6
Tex2,4
Cdh2,1
Rps3a1,2
Eef1a2,2
Psmb7,6
Psmd4,6
Sqstm1,3
Lamp1,4
Vps29,7
Cnst,1
Pik3r4,1
Pik3c3,7
Tjp2,1
Prkcd,1
Slc25a4,4
Tubb4a,3
Kalrn,1
Atp1b3,4
Hsd17b12,4
Acadl,5
Kpna1,3
Nefm,1
Pld3,3
Ndufa7,4
Slc39a12,4
Sorbs1,1
Ergic1,4
Sorbs2,1
Ntrk2,1
Erbb4,1
Baiap2,1
Abi2,1
Rtn4,4
Dlgap4,1
Prrc2a,2
Map4k4,1
Etl4,1
Mia3,4
Nckipsd,1
Brk1,1
Asap2,1
Srpk2,1
Vars2,4
Zc2hc1a,1
Wipf3,1
Cpne5,1
Vapb,4
Slc1a1,4
Ngef,1
Tubb2b,3
Armc6,3
Gnaz,3
Epha7,3
Iars2,4
Plcg1,1
Synj1,1
Pafah1b2,5
Igbp1,3
Ptpra,1
Ppp2r2a,3
Wdr77,2
Acaca,3
Psmc2,6
Gnb5,3
Zfyve27,4
Ppp2r2d,3
Cetn2,3
Igsf8,2
Mlst8,3
Tubb3,3
Mob4,3
Anxa5,5
Slc25a3,4
Gnb2,3
Strn4,3
Strn3,3
Strn,3
Stk24,3
Pdk3,3
Nipsnap1,3
Sssca1,3
Kpna4,3
Wdr48,3
Actr1b,1
Pcx,3
Ppp2r4,3
Tubb2a,3
Ppp2r2c,3
Pfdn1,3
Lrrc47,2
Rap2c,3
Tssc1,3
Kif21a,3
Pdcd5,3
Pex14,3
Ptplb,4
Aida,5
Ssr1,4
Nsfl1c,5
Erlin2,4
Eri3,3
Wwp2,2
Rae1,5
Txnl1,6
Cyb5b,4
Dnajc19,4
Pddc1,3
Mtdh,4
Ago2,2
Cs,5
Csnk2a1,3
Pa2g4,2
Ptp4a1,6
Echs1,5
Syt11,2
Idh2,5
Txndc5,5
Pdk1,4
Uba5,5
Aimp1,2
Srp68,2
Rrbp1,2
Sirt2,4
Mtus2,4
Plgrkt,4
Nsf,7
Nutf2,5
Uqcr10,4
Ipo9,3
Hk1,5
Kpna3,3
Ranbp6,3
Hadhb,3
Ptn,6
Hist1h1c,2
Plcd1,7
Chordc1,5
Vps18,7
Lrp1,3
Nudcd3,3
Sptan1,1
Aip,3
Akt3,3
Alg2,5
Ptk2b,1
Trim2,1
Adrbk1,1
Psmd1,6
Rgs7,3
Csnk2a2,3
Prkaa2,3
Slc9a1,1
Cdk14,1
Vps41,7
Gsk3a,1
Rgs6,3
Camkk2,1
Prkg2,3
Trim32,3
Gucy1a3,3
Gucy1b3,3
Psat1,5
Uba1,5
Pgk1,5
Fkbp8,6
Ssr4,4
Cap1,5
Nudcd2,3
Mgea5,3
Crbn,2
Fam162a,4
Preb,3
Tyro3,1
Stk32c,3
Camkv,3
Flii,1
Dclk2,3
Mertk,3
Grk6,3
Matk,3
Ptgds,3
Kcna6,3
Mark4,3
Cask,1
Ncam1,1
Clip1,1
Map6,1
Map1a,1
Htra2,4
Ncald,3
Fnbp1,1
Rab8b,4
Mat2a,5
Tbcd,7
AI314180,6
Eif5,2
Txnrd1,5
Cryz,5
Gdap1,4
Ola1,5
Gfer,5
Arl8b,4
Mat2b,5
Taok2,1
Tnpo2,3
Eml1,3
Daam1,3
Katnal1,3
Katnb1,3
Csnk1g3,1
Prickle2,3
Tbcc,7
Ralgapb,3
Csnk1e,5
Uchl5,6
Crmp1,3
Pclo,1
Gphn,1
Srprb,4
Mast3,1
AI837181,5
Akap12,1
Jup,1
Myo5a,1
Cyc1,4
Rab31,4
Tmed2,4
Ptrh2,4
Fam3c,4
Ndufs6,4
Mrps31,2
Mrps5,2
Sel1l,3
Ict1,4
Gorasp2,4
Emc1,4
Ociad1,4
Slc25a11,4
Mrpl50,4
Spg7,4
Ilvbl,4
Rmdn3,4
Lman2,4
Gng12,3
Lamtor2,4
Zdhhc5,1
Mical3,4
Farp1,1
Abcg2,4
Tmem63b,4
Akap2,1
Golga2,3
Agap2,1
Dlgap1,1
Synj2bp,4
Ptprf,1
Apc,1
Ctnna2,1
Dpysl3,3
Scamp3,4
Ech1,4
Ppib,5
Atp6v1b2,4
Mrpl9,4
Chmp2b,4
Tpd52,5
Nars,2
Ccdc51,4
Fhl2,1
Cdh10,1
Il1rap,1
Cdc42,1
Ppfia3,1
Pebp1,5
Gabra1,1
Arhgap1,1
Gnaq,3
Gria2,1
Gabrg2,1
Gabbr1,1
Eps8,1
Il6st,1
Golga3,4
Dag1,1
Dlgap2,1
Nlgn3,1
Gabbr2,1
Dock3,1
Zdhhc17,1
Ank3,1
Scg2,6
Cmip,1
Gabra3,1
Inpp4a,1
Numb,1
Prkar1a,1
Pex5l,1
Pkp4,1
Arvcf,1
Pdia4,5
Kif3b,1
Neo1,1
Kifap3,1
Gaa,5
Exoc5,7
Sars2,4
Mrpl49,4
Grik2,1
Cdh11,1
Lrrc7,1
Dmd,1
Eif4b,2
Xpo7,3
Iqsec1,1
Armc8,4
Osbp,3
Ap2a2,1
Ap1m1,1
Ranbp9,1
Ap2b1,1
Ina,1
Habp4,1
Mtx1,4
Farsa,3
Uba6,5
Aak1,1
Ankfy1,7
Epb4.1l3,1
Cep170b,1
Grik3,1
Clu,3
Wdr47,1
Ubap2l,1
Lmtk3,1
Elavl4,1
Exog,3
D3Bwg0562e,1
Cacnb4,1
Cacnb1,1
Bin1,1
Macf1,1
Caskin1,1
Iqsec2,1
Ptprn2,1
Ewsr1,1
Bsn,1
Camsap2,1
Dlg2,1
Numbl,1
Magi1,1
Sik3,1
G3bp2,2
Arhgap21,1
Ehd3,7
Purb,2
Cntn1,1
Brsk1,5
Nbea,1
Icam5,5
Cntnap5a,1
Diap2,1
Kcnt1,1
Paip1,2
Rab6a,4
Slc8a1,1
Rpl37a,2
Rplp2,2
Prep,5
Gnpda1,5
Ddx19a,4
Rab23,3
Phyhip,2
Cops4,2
Ctps,2
Srgap2,1
Hecw2,5
Tsn,5
Mrps22,2
Hist1h1e,5
Atp1a3,4
Ptcd3,2
Rpl35a,2
Ndufs2,4
Stoml2,4
Oxa1l,4
Syne1,1
Trove2,3
Tmem33,3
Dhcr7,4
Adsl,5
Lpcat1,5
Capn2,5
Nap1l1,2
Plbd2,5
Reps2,1
Chp1,5
Agps,4
Sord,5
Scyl2,5
Prosc,5
Tars2,4
Sms,5
Ptplad1,3
Cdc42bpb,1
Bphl,4
Wipi2,3
Ikbkap,3
Abcf2,2
Gss,5
Ppif,4
Clic4,5
Dctn2,1
Atp6v1e1,4
Sec13,3
Acss1,4
Gnal,3
Rtcb,2
Nmt1,2
Tom1,5
Stx5a,7
Itpr1,1
Prkar2a,1
Als2,1
Rpn2,4
Psmc1,6
Ryr2,1
Arf6,4
Mfn2,3
Mtor,2
Dnajc10,2
Atg5,5
Psap,4
Gpx4,5
Fbxo2,1
Vcpip1,5
Svip,4
Psmc4,6
Plaa,5
Ptpn9,7
Ubqln1,6
Arih1,5
Ccdc132,7
Arfgef2,1
Scfd1,7
Sec22b,7
Vps53,7
Fermt2,5
Arfgap2,3
Ube2j1,3
Cab39,5
Atp6v1d,4
Txn2,5
Gbas,5
Usp5,5
Adck3,4
Tbc1d9b,4
Slc3a2,4
Add1,1
Comt,4
Mark2,1
Aspscr1,5
Cdc42ep4,7
Ubxn4,4
Bsg,4
Tnks1bp1,1
Rab3gap2,4
Ppap2b,1
Fkbp15,7
Brsk2,2
Lrba,3
Ncdn,4
2310035C23Rik,3
Hsbp1,3
Atl2,4
Rabgap1,4
Tbc1d10b,2
Tollip,7
Gga3,4
Actn2,1
Tom1l2,5
D230025D16Rik,1
Abcb6,4
Oxr1,7
Sh3gl2,1
Gnao1,3
Stx1a,7
Syt2,7
Dync1i1,1
Syn2,1
Usp14,6
Evl,1
Ndufa9,4
Uqcrc1,4
Add3,1
Syt1,1
Epb4.1l1,1
Dock9,1
Asph,4
Cacna2d1,1
Sirpa,1
Stx1b,7
Car4,5
Epb4.1,5
M6pr,4
Ndufv1,4
Ndufv2,4
Etfb,5
Dlat,4
Atp5d,4
Cox5a,4
Ndufb9,4
Cox6b1,4
Sfxn3,4
COX2,4
Mtx2,4
Tacc1,4
Cox6a1,4
Ndufa13,4
Ppa2,4
Ndufa8,4
Ptges2,4
Slc1a2,4
Slc25a12,4
Tpp1,3
Napb,7
Cnp,1
Srgap3,1
Mog,1
Plp1,3
Lsamp,4
Gpm6a,1
Lancl1,4
Rab30,8
Ntm,4
Negr1,4
Slc6a1,7
Mpp1,5
Llgl1,3
Palm,1
Cdh13,4
Diras2,4
F8a,8
Cryl1,3
Syt12,3
Aplp1,5
Ddi2,6
Rab9,4
Ktn1,2
Banf1,4
Acsl1,5
Cox4i1,4
Pgrmc1,4
Cyb5,5
Cisd1,4
Fis1,4
Bcap29,4
Vamp1,7
Cyb5r3,5
Ephx1,4
Coq9,4
Bdh1,4
Cit,1
Praf2,4
Ykt6,5
Rph3a,4
Tpt1,5
Psmb4,6
Mark3,1
Cops8,2
Otub1,5
Smap1,3
Rims2,1
Trappc5,8
Rims1,1
Epb4.1l2,1
Adam22,1
Tceb2,2
Tceb1,2
Hpcal1,5
Clasp2,1
Crtc1,5
Atp5j2,4
Dmwd,5
Gtpbp1,2
Usp4,5
Pip4k2c,3
Pycrl,6
Lsm12,2
Hrsp12,5
Grcc10,5
Cmpk1,5
Aldh7a1,5
Tmx1,4
Gstm5,5
Twf1,5
Cstb,5
Cnpy2,5
Ddah1,5
Ermp1,4
Mark1,1
Pcyt2,5
Ablim1,1
Pgrmc2,4
Anp32a,5
Ccdc124,2
Ckap4,4
Cc2d1a,3
Arl3,1
Mast1,3
Pdzd11,5
Lgmn,5
Abca2,1
Shroom2,1
Reep1,1
Dusp3,3
Ccrn4l,3
Sucla2,4
Pfdn5,3
Birc6,7
Blvra,4
Slc4a4,1
Kcnj4,1
3110002H16Rik,1
Sdk2,1
Cnpy3,5
Map2,1
Amph,1
Cops2,2
Slc17a7,1
Mapre2,1
Adra2a,3
Chrm4,3
Sept8,7
Calcoco1,1
Dpysl4,3
Homer2,1
Arhgap33,1
Stx7,7
Stx12,7
Rabggta,4
Tagln3,5
Ufc1,5
Spr,5
Stx16,7
Mpst,5
Stx6,7
Vti1b,7
Stx8,7
Arfgap1,1
Tmed4,4
Acads,5
Sar1a,5
Snap47,7
Dkk3,1
Atat1,5
Snap91,1
Necap1,1
Ap1s1,1
Pip5k1c,1
Rundc3a,1
Dnajc6,1
Ap1g1,1
Ppp3cb,1
Sgip1,1
Ehd1,7
Mpi,5
Pitpna,5
Gria1,1
Scamp1,4
Stam,1
Psd,3
Mccc2,4
Coro7,1
Pccb,5
Ube2d3,5
Rabl6,4
Agfg2,1
Epn2,1
Dctn3,1
Ctsb,5
Sorl1,3
Gcdh,4
1810026J23Rik,4
Clstn3,5
Fxyd7,4
Fbxl16,3
Cd47,3
Chrm3,3
Mrps7,2
Ppp2r5b,3
Pygm,5
Dhrs4,4
Ugp2,5
Eefsec,2
Ppp2r5a,3
Selenbp1,4
Nucb1,3
Aldh1l1,3
Rgs20,3
Dgke,3
Prkar2b,1
Akap1,4
Akap7,1
Prkar1b,1
Akap10,1
Pkia,3
Rhoa,1
Asic1,1
Cacng2,1
Atp2b1,4
Ppp1r9b,1
Gria4,1
Add2,1
Gad1,1
Gad2,7
Phka1,6
Stmn2,3
Adcy2,3
Gmfb,1
Rgs10,3
Dmtn,1
Itpka,1
Gabrb3,1
Adcy5,3
Ppp1r1b,1
Grin2a,1
Lzts1,6
Cpd,4
Arf4,5
Rab6b,4
Arfip2,4
Cyth2,1
Acadm,4
Glrx5,4
Cyth1,1
Ap3s2,4
Agap1,1
Gda,5
Scarb2,1
Ppp6r2,3
Sptb,1
Pacs1,3
Synrg,4
Dner,1
Slc16a1,4
Rab18,4
Rmnd5a,4
Rab3c,4
Ndufa10,4
Idh3g,5
Scp2,5
Rab3b,4
Ndufa5,4
Arl1,4
Exoc6b,7
Wdr26,2
Rab39b,4
Ehbp1,4
Nrxn1,1
Rab15,4
Slc1a3,1
Sept4,7
Uqcrb,4
Uqcrq,4
Uqcrfs1,4
Abcd2,4
Cryab,5
Atp6v0a1,4
Anxa6,5
Atp6v0d1,4
Ndufs4,4
Ndufb4,4
Atp5f1,4
Atp5h,4
Chmp5,4
Ndufa12,4
Ndufa11,4
Ndufa6,4
Ndufb5,4
Ndufb7,4
Mtch2,4
Hsd17b4,5
Lactb,4
Ndufb8,4
Ndufs7,4
Cox7a2l,4
Kcnab1,1
Ndufb3,4
Ndufc2,4
Cox7a2,4
ND4,4
Ndufb11,4
Ndufb6,4
Mcts1,5
ND5,4
Man2c1,5
Ensa,5
Map7d1,3
Hprt,5
Glul,1
Tppp,3
Hnrnpa3,2
Slc25a1,4
Cntfr,1
Sncb,3
Fsd1,5
Bcas1,3
Gyk,4
Ndufs5,4
Cox6c,4
Adipor1,3
Fam175b,6
Erlec1,3
Pip4k2a,3
Bcas3,3
Ivd,5
Sept9,7
Snrk,3
Ccdc136,6
Pdxp,3
Faim2,3
Cacnb3,1
Plxnb1,1
Ehd4,7
Tiprl,5
Plxnb2,4
Ric8,1
Mvb12b,4
Ttc9b,3
Aplp2,3
Adcy8,3
Ppp2r5e,3
Vac14,4
Ppfia2,1
Fech,4
Stk25,3
Ahcyl1,5
Nptx1,3
Mrps26,2
Strip1,3
Ccdc6,3
Fgfr1op2,3
Slmap,3
Nrd1,4
Tuba8,2
Grn,1
Lap3,5
Sh3glb2,1
Arc,1
Kif1a,6
Itm2b,1
Apba2,1
Atp6v1g1,4
Lrp1b,1
Adrm1,6
Fgf12,1
Lin7a,1
Lingo1,5
Kif3a,1
Olfm1,3
Chgb,3
Napg,7
Apba1,1
Cops7b,2
Sirt5,4
Sept5,7
Psmd5,6
Oxsr1,5
Hadh,5
Gabra4,1
Rufy3,4
Aldh2,5
Mrpl3,4
Map2k4,1
Mag,1
Abr,1
Cplx2,7
Hmox2,4
Erc1,1
Celf2,5
Mpp3,1
Nme3,6
Mrps2,2
Isoc2a,5
9630033F20Rik,5
Mrpl24,4
Mrpl11,4
Glod4,5
Sod2,5
Eif2s2,2
Pck2,5
Atl3,4
Pgam1,5
Cdipt,4
Emc8,4
Dctn6,1
Gsto1,5
Opa1,4
Opa3,4
Bola1,4
Coq6,4
Abhd11,4
Eci2,4
Mars2,4
Pgm2,5
Aifm3,5
Mrrf,4
Pnpo,5
9430016H08Rik,4
Blmh,3
Afg3l2,4
Taco1,4
Aco1,5
Aldh4a1,5
Hint3,4
Acy1,5
Ethe1,5
Hagh,4
Sco2,4
Pitrm1,4
Bcat2,5
Mrpl1,4
Trappc4,8
Nudt9,5
Wdr45b,5
Gadd45gip1,4
Acsl4,4
Timm17b,4
Ak1,5
Chchd6,4
Fam213a,4
Micu1,4
Dhrs7b,4
Ddrgk1,4
Vps33b,7
Prpsap2,2
Sh3bgrl3,5
Rabl3,4
Pgm3,5
Oxsm,4
F3,5
Csrp1,5
Adh5,5
Eci1,5
Gba2,4
Mrps6,4
Cars,3
Fibp,3
Rasa3,3
Acsl3,4
Nav1,1
Nln,5
Nmt2,5
Kcnip4,5
Echdc1,7
Dclk1,1
Cpe,6
Anks1b,1
Ppp1r2,1
Begain,1
Lancl2,1
Cst3,5
Nfasc,1
Sparcl1,3
Cntn4,5
Pde1a,1
Bcl2l13,4
Ache,5
Dcun1d2,2
Srr,5
Hint2,4
Hapln1,1
Fam126b,3
Diras1,5
Cdk17,3
Kcnab3,3
Trappc9,8
Zfp365,5
Syt17,5
Poldip2,4
Fndc3a,4
Map7,3
Tmcc1,5
Zfyve1,5
Acsbg1,1
Fsd1l,5
Fmnl2,5
Lmf2,1
Ak4,4
Tmx3,4
Cntn3,5
Lingo2,5
Cacng3,5
Acbd6,5
Wars2,4
Ddhd2,4
Stard10,5
Fn3krp,2
6430548M08Rik,5
Tmem35,5
Casc4,5
Acyp1,5
Chid1,5
Ociad2,5
Ermn,5
Zadh2,8
Vwa5a,5
Vat1l,5
Fam114a2,7
Mcee,5
Fdx1l,5
Gpc1,3
Rps4x,2
Sv2a,1
Exoc4,7
Aldh1b1,5
Abat,5
Vps4a,4
Pef1,5
Plxna2,1
Ptprn,3
Cpeb3,2
Atic,5
Uba3,5
Twf2,5
Flad1,5
Mief1,4
Snx4,7
Snx6,7
Gbe1,5
Snx5,4
Ppp1r21,1
Mpp6,1
Shank1,1
Cacna1a,1
Gng2,3
Ube2l3,5
Vps52,4
Pmm1,4
Hecw1,5
Rimbp2,1
Lphn1,1
Nell2,1
Tspan7,3
Syt3,1
Ptpre,3
Pnpt1,4
Fuk,3
Ap3m1,6
Exoc1,7
Trio,1
Rell2,1
Rab33a,4
Vps26a,7
Bzw1,2
Mrps11,2
Syap1,6
Mlec,4
Ube2o,2
Sec63,4
Prune2,2
Rhot2,4
Ndufaf2,4
Tsr2,2
Kars,2
Acadvl,4
Bai1,1
Ndufv3,4
Snta1,1
Magi2,1
Elmo1,1
Magi3,1
Itgav,1
Mapre3,1
Trf,5
Psmb3,6
Psmd8,6
Idh3a,5
Hars,3
Lin7c,1
Erc2,1
Lin7b,1
Mpdz,1
Mpp2,1
Ablim2,5
Ppm1f,1
Tln2,1
Gas7,1
Rhof,7
Gng13,3
Kcna4,1
Cntnap4,1
Dst,1
Cadm1,1
Sdc4,1
Nrxn3,1
Atp2b4,4
Cntnap2,1
Mrpl4,4
Arl15,6
Nudt3,3
Atp1a2,4
Mlc1,1
Cacna1e,1
Kcnn2,6
Scn1a,1
Scn8a,1
Unc13a,1
Map6d1,1
Grm7,1
Gap43,1
Kcnq2,1
Nrgn,1
Pfkm,1
Pde1b,1
Wfs1,3
Atp2a2,4
Atp5l,4
Mrpl40,4
Idh1,5
Emc2,4
Ccdc47,4
Mrpl2,4
Nmral1,5
Ufl1,4
D10Bwg1379e,4
Serinc3,4
Rabl5,5
Slc13a5,3
Prps1,2
Rock2,1
Sccpdh,4
Nadk2,4
Spred1,3
Erp29,6
Timm13,4
Lamtor5,4
Ctsa,5
Rexo2,5
Cpt1a,4
Sept6,7
Txndc12,6
Tmem132a,5
Nsg2,5
Lypd1,3
Ndrg4,4
Dctn4,1
Actr10,1
Gnpda2,5
Lrfn1,1
Nap1l4,2
Chmp1a,4
Pelo,3
Mtfr1l,3
Mrps34,2
Tanc2,1
Dact3,1
Kctd12,3
Osbpl6,1
Sv2c,4
Fus,2
Grm8,1
Grm3,1
Exoc2,7
Grm4,1
Calb1,5
Nefh,1
Kcnb1,1
Pde4a,1
Prepl,4
Cntnap1,1
Phactr1,1
Slc4a8,4
Gng3,3
Rgs17,3
Rp2h,3
Ube2v1,3
Ube2v2,3
Sh3bgrl,3
Pcdha4,6
Nol3,5
Tmem55a,4
Tmod1,1
Mpc2,4
Sncg,3
Fah,5
Neto1,1
Nrcam,1
Lrfn2,1
Fh1,5
Gnb4,3
Kcna1,1
Gria3,1
Dlg3,1
Pde2a,1
Exoc7,7
Ptprz1,1
Mtpn,5
Ptpn5,4
Ap3b2,7
Slc6a9,1
Gpsm1,3
Nlgn2,1
Aldh5a1,5
Pmpca,4
Akr1a1,5
Gpd1,5
Gpd2,4
Ckmt1,5
Pdxk,5
Pgm2l1,5
Atp1b2,2
Msrb2,1
Fabp3,5
Acot7,5
Itm2c,4
Crym,1
Prrt1,1
Glud1,4
Nptn,1
Cpne7,2
Bai3,1
Lrrtm1,4
Slc12a5,1
Scrn1,5
Asrgl1,1
Gpr123,1
Nlgn1,1
Fam81a,1
Hspa12a,1
Cacng8,1
Cdkl5,1
Ptprt,1
Robo2,1
Ntng2,1
Chrm1,1
Ajap1,1
Maob,4
Lrrtm4,3
Amigo1,1
Glg1,1
Sept3,7
Prpsap1,2
Cacna1d,1
Chga,3
Vamp7,7
Stxbp5,7
Cadps,7
Cplx1,7
Syt7,1
Gpm6b,3
Ankrd46,7
Ppapdc2,7
Snph,7
Stxbp6,7
Slc7a2,4
Wdr44,4
Arhgef12,4
Pitpnm1,1
Osbpl10,4
Mprip,1
Pitpnm2,1
Sacm1l,4
Pitpnm3,4
Acbd5,4
Scn1b,1
Scamp5,7
Denr,2
Scg3,5
Rap2a,1
Rab24,4
Fundc2,4
Chmp6,4
Syn3,1
Doc2a,1
Tusc3,1
Gprc5b,4
Prrt2,4
Adcy6,3
Fkbp2,5
Wdfy1,7
Acad9,4
Slc30a3,4
Chmp7,4
Igsf21,5
Sarm1,4
Atp6v1f,4
Tpm4,1
Impact,4
Pgbd5,3
Snx12,5
Glo1,5
Phpt1,5
H2-Ke2,3
Rnf214,3
Stk39,1
Hcn2,1
S100b,5
Grlf1,1
Gps1,2
Gipc1,1
Camsap3,3
Xpnpep1,5
Vps51,7
Atpif1,4
Prune,5
Nt5dc3,4
Arfgef1,1
Setd7,1
Tceal5,1
Coa3,4
4932438A13Rik,3
Cdv3,4
Vps45,7
Efr3a,4
Osbpl8,4
Pdhx,5
Clpp,4
Cotl1,5
Fdxr,4
Glrx2,5
Atp9a,4
Ppp3r1,1
Mrps16,4
Mtch1,4
Limd2,6
Letm1,4
Asah1,5
Slc22a23,4
Gcsh,6
Ncln,6
Abcd3,4
Myo1b,1
Necab2,3
Lztfl1,1
Myh14,4
Kazn,6
Dock4,1
Elmo2,1
Cd34,1
Gpx1,5
Vps39,7
Cspg4,1
Marcksl1,4
Fkbp3,2
Fxyd6,4
Acad8,1
Atad1,4
Acadsb,4
Sec61a2,4
Kctd16,1
Wdr7,1
Ppp1r3f,1
Rnf14,5
Cdh6,1
Gabrb2,1
Mrps15,2
Prex1,1
Aatk,1
Dtna,1
Mrps35,2
Fahd1,5
Ppp1r7,3
Mlycd,4
Hmgcl,4
Etfdh,5
Hibadh,5
Tpbg,7
C1qc,6
C1qa,6
Iba57,4
Mut,4
Oplah,5
Lmtk2,1
Ppp1r16a,5
Plcl2,1
Prex2,1
Elfn1,1
Jph3,3
Elfn2,5
Csmd1,5
Slc7a14,1
Ppp2r5c,3
2900011O08Rik,1
Cpne6,5
Map1s,5
Supv3l1,4
Arl6ip5,4
Sfxn1,4
Car2,5
Dcun1d3,2
Iqsec3,1
Ppm1e,4
Mrpl14,4
Cap2,5
Pcbp3,5
Cbr1,5
Epm2aip1,1
Arhgap39,1
Lzts3,1
Shisa7,1
Gapvd1,1
Tsta3,5
Rltpr,1
Gsta4,5
Gripap1,1
Anxa11,5
Plxna1,1
Arhgap44,1
Ophn1,1
Usp30,4
Nav3,1
Amer2,5
Rnh1,5
Ahcyl2,3
Aqp4,1
Ralgapa1,3
Syngr3,4
Fbxl20,7
Stmn3,4
Mboat7,4
Slc25a23,4
Slc20a2,4
Clcn6,3
Chl1,1
Psd3,1
Gprin3,1
Hpcal4,3
Fhl1,1
Hmgcs1,5
Gabra2,1
1700052N19Rik,5
Smpd3,3
Dgkq,7
Arhgap26,1
Arhgap5,1
Rars2,4
Bai2,1
Gng4,3
Nt5c3,6
Nsmf,3
Mrpl46,4
Clip2,1
Dctn5,1
Inpp1,3
Me2,4
Taok1,1
Cadm4,1
Nos1ap,1
Agpat1,2
Ube2f,2
Pea15a,1
Vat1,5
Mthfd1l,4
Lrpap1,1
Pcmt1,3
Ttyh3,4
Crat,3
Impa1,5
Pip4k2b,3
Cds2,4
Qdpr,5
Mrpl37,4
Timm22,4
Gatc,4
Golga7b,1
Slk,1
Arl6ip1,7
Fam185a,1
Brinp3,3
Brcc3,6
Adam10,1
Gstz1,5
Spryd4,4
Hibch,5
Sema7a,1
Hexb,5
Gstm2,5
Sh2d5,1
Cuta,5
Hexa,5
Gnl1,2
Asl,5
Acap2,4
Rab12,4
Aldh9a1,5
Triap1,4
Atp13a1,4
Dmxl2,1
Hccs,4
Fam136a,4
Clpb,4
Timm10,4
Timm8b,4
Timm8a1,4
Tst,4
Gsr,5
Ccdc58,4
Apool,4
Ndufaf4,4
Yme1l1,4
Coa7,4
Cpox,4
Gls,4
Mtif2,4
Atpaf1,4
Slc25a25,4
Acot2,4
Tdrkh,4
D15Ertd621e,4
Gpd1l,5
Ogdh,4
Coro2a,1
Fam21,7
Vps33a,7
Vipas39,7
Serinc1,6
Ptpmt1,4
Tamm41,4
Aldh6a1,5
Agpat5,4
Sfxn5,5
Serpinb6a,5
Agpat4,5
Lnpep,4
Mogs,4
2410015M20Rik,4
Tm9sf4,4
Golga5,4
Cadps2,5
Gng5,3
Iscu,4
Clip3,3
Inpp5j,1
Lysmd1,4
Abhd17a,3
Shisa6,3
Fam171b,1
BC018242,3
Mtap,5
Ica1,7
Ndrg3,1
Map2k6,1
C2cd5,3
Pvrl1,1
Gpc4,3
Gclm,5
Cd9,4
Ufsp2,4
Zmpste24,4
Cxadr,3
Gna11,3
Cdk5r2,1
Vsnl1,3
Ccny,1
Lphn3,3
Dpp6,4
Bcan,1
Atp6v1h,4
Dbt,4
Mccc1,4
Abcb8,1
Rhot1,4
Maoa,4
Armc10,4
Agk,4
Mecr,4
Mcu,4
Dak,5
Ncam2,5
Pcca,5
Adam23,1
Syngr1,1
Pde10a,3
Acsl6,5
Slc8a2,1
Ccsap,5
Aldh1a1,5
Cntn2,1
Cnnm1,6
Omg,5
Slc4a7,4
Agap3,4
Slc4a3,1
Slitrk1,6
Itfg1,4
Tenm4,2
Marc2,4
Crtac1,3
Ap3m2,3
Gprin1,1
Astn1,4
D630045J12Rik,7
Slc4a10,5
Ttyh1,5
Fmnl1,1
Cacna2d3,1
Cacna2d2,1
Gpr158,1
Cspg5,4
Astn2,3
Adam11,1
Gfm1,4
Scn9a,1
Slc4a1,5
Fam134c,4
Dfna5,7
Mrpl44,4
Prmt8,2
Isca1,4
Slc12a9,1
Stt3b,4
Acot13,5
Crip2,5
Cadm3,5
Rbp1,4
Gclc,5
Vps26b,7
Phyhipl,4
Atp6v1g2,4
N28178,5
Sphk2,5
Hmgb1,5
Atl1,4
Pcsk2,6
Scg5,6
Camsap1,1
Acox1,5
Hebp1,5
Ralb,7
Acsl5,4
Timm9,4
Carkd,5
Pitpnb,5
Ak3,4
Apmap,4
Emc3,4
Cecr5,4
Coq3,4
Nit1,4
D10Jhu81e,4
Nampt,5
Lta4h,5
Dnpep,5
Palm2,5
Tsfm,4
Grhpr,5
Msra,5
Hdhd3,4
Pmpcb,4
Acaa1a,5
H2-Ke6,7
Ccbl2,2
Hn1,3
Cpt2,4
Adk,5
Mrps36,4
Gstm1,5
Nomo1,6
Tbrg4,4
Mcat,4
Tmem11,4
Slc25a10,4
Nceh1,1
Rdh11,4
Pcyox1,5
Sh3bgrl2,5
Madd,3
Tpp2,5
Cbr3,5
Lxn,3
Anxa3,5
Gmppa,5
Ptgr2,2
Atox1,5
Arl8a,3
Enoph1,5
Por,4
Rtn3,4
Cryzl1,5
Acsf2,4
Rnpep,5
Cbr4,7
Hook3,7
Dbnl,5
Nucb2,3
Ero1l,5
Guk1,4
Gcat,4
Slc30a1,4
Eml2,3
Dtd1,3
Irgq,5
Hpca,5
Hnrnpa1,2
Slc38a3,5
Sez6l2,4
Rogdi,1
Coro2b,3
Stt3a,4
Ephx2,5
Alcam,3
Esyt2,4
Nt5c,5
Arsa,3
Rhog,1
Clcn3,5
Auh,4
Gldc,5
Tnc,1
Ank1,1
Cx3cl1,5
Snx30,7
Acp6,4
Dpp10,5
D17Wsu104e,6
Acot11,5
Haghl,3
Rap1gap2,1
Cend1,3
Ly6h,5
Creld1,4
Lars2,4
Sez6,6
Slc25a42,4
Tm9sf3,4
Atp8a2,4
Suox,6
Ggt7,1
Bcat1,3
Uros,5
Mgll,5
Wdr13,3
Ctsz,5
Smyd5,5
Ppp1r1a,5
Hsd17b11,5
Fam49a,5
Eif1,2
Sec14l2,5
Aarsd1,3
Nfu1,5
Rbbp9,5
Plch2,5
Bola2,5
Me3,5
Pcp4,5
Tppp3,5
Pitpnc1,5
Plcxd3,5
Lgalsl,5
Nebl,5
Pcp4l1,5
Btbd17,5
Pcsk1n,4
Reep2,5
Abhd12,5
Fam131b,4
Rplp1,5
Cadm2,5
Rftn2,3
Gpc5,5
Mlip,5
Clybl,5
Fahd2a,4
Acot1,5
Slc27a1,5
Atp5k,5
Spock2,5
Rpl36a,5
Akr1e1,5
Abhd6,4
Golph3,5
Ak5,1
Rasgrf2,4
March5,5
Dhodh,4
Lnp,4
Mtmr9,1
Hars2,4
Mmp17,3
Kcnip2,5
Mtmr2,1
Calb2,3
Camk2n1,1
Prkag2,3
Slc17a6,3
Aldh1l2,3
Arhgap23,1
Fry,1
Ptdss1,4
Hnmt,1
Pdp1,4
Atrn,3
Slc30a9,4
Timm10b,4
Enpp6,4
Adcy9,4
Entpd2,7
Mrpl13,4
Bckdha,4
Lyrm4,4
Mrpl41,4
Mrps30,4
Ndufaf3,4
Mrpl16,4
Mrpl21,4
Mrpl39,4
Sdr39u1,4
Yars2,4
Uqcc1,4
Mmab,4
Vwa8,4
Acsf3,4
Pdpr,4
Them4,4
Thnsl1,4
Pcnp,6
Slc39a10,2
Grid1,3
Spcs2,4
Pigs,4
Slc7a5,4
Ap3s1,4
Fads2,3
Them6,3
Trhde,3
Rtn4r,5
Mkl2,7
Snx16,7
Pde8b,3
Lrrc57,3
2310022B05Rik,3
Stim2,3
Tmx2,4
Pdzd8,4
Pcyox1l,3
Wdr41,4
Tmx4,4
Brinp2,3
Tm9sf2,4
Rdh13,4
Kcnj6,3
Gng7,3
Gng10,3
Kcnj3,3
Olfm2,3
Unc5c,2
Fam163b,1
Slc2a3,1
Bnip3,4
Rgs7bp,3
L2hgdh,4
Cisd3,4
Slc9a7,7
Jam2,6
Tenm1,1
Adck1,4
Lace1,4
Mrpl45,4
Jph4,4
P2ry12,4
Myadm,4
Isca2,6
Uqcr11,4
Tecpr1,8
Trappc11,8
Glrx,5
Fabp7,5
Slc27a4,4
Pars2,3
Slc25a20,2
Usp24,3
Pnpla8,2
Ccdc127,4
Lysmd2,6
BC005764,3
Npy,6
Nrn1,4
Dcakd,4
Scrn3,1
Rab9b,4
Cplx3,4
Cnnm2,6
Nudt16,1
Mblac2,4
Fnbp1l,1
Tmem126a,4
Trnt1,5
Macrod2,1
Arsb,6
Slc12a6,4
Syt5,1
Sv2b,1
Sema4a,4
Plxnd1,4
Fam73a,4
Endod1,3
Atp2c1,4
Clptm1,4
Sgsm1,4
Vcan,1
Trappc12,8
Trappc6b,8
Mb21d2,8
BC037034,8
Tesc,1
Gde1,4
2010107G23Rik,4
Hsdl1,4
Cnr1,3
Ccdc177,1
Tenm3,4
Micu3,4
Pgs1,2
Ppp1r14c,7
Arhgef9,1
Gdpd1,5
Trpv2,1
Ttc7b,3
Efr3b,3
Fam126a,3
Lpcat4,3
Atp5s,4
Gpr37l1,5
Hist1h2bm,2
Cdc42bpa,1
Ptma,2
Tbc1d24,2
Lrrc8b,4
Sep15,2
Kbtbd11,4
Tmem65,4
Snx15,7
Lphn2,1
Cyb5r1,4
Gpr162,6
Sez6l,6
Scai,5
C1qb,6
Cck,6
Flrt2,3
Nrp2,3
E130309F12Rik,3
Dmxl1,4
Serpini1,3
Emb,4
Tusc2,3
Slitrk4,5
Slc25a46,4
Plcl1,1
Gfod1,3
Nptxr,3
Mien1,4
Tomm40l,4
Ipcef1,1
Pmch,6
C2cd2l,5
Rmdn1,7
Ndufa3,4
Rdh14,3
Romo1,4
Ano8,4
Fam195b,4
Slc25a19,4
Acss2,5
Impad1,4
Abhd3,4
Pgp,5
Capn5,5
Lrrc8a,4
Ggps1,2
Zc3h15,2
Pisd,6
Slc25a18,4
Rtn4rl2,3
Abhd16a,4
Abhd17b,4
Emc10,4
Apoo,4
Slc25a51,7
Pcdhga4,6
Sphkap,5
Cmtm4,4
Ado,5
Neto2,4
Atp8a1,4
Slc39a6,3
Slc7a11,4
Slc7a8,4
Plxnc1,1
Frrs1l,4
Lrrc8c,4
Lmbrd2,3
Adcy1,3
1700025G04Rik,3
Mtfp1,1
Manf,5
Synpr,4
Plxna4,5
Tomm6,4
Elmod1,4
Ears2,4
Clec2l,3
Slc23a2,4
Lrrc4c,1
Ntng1,1
Lrrc4b,1
3110047P20Rik,4
Ttpal,5
Pcdh19,1
Thsd7a,1
Abcb9,4
Scamp4,4
Adprh,3
Mmaa,4
Eva1a,6
Slc32a1,1
Dhrs1,4
Tspan9,4
Slc44a1,4
Svop,4
Fmn2,3
Slc2a13,4
Nat14,4
